insert into rol(nombre)
values('administradores'),

      ('colaboradores'),

      ('verificacion');
insert into usuario values 
(null, "Carlos", "Alberto", "Ojeda", "Vargas",
"7898145", 1, "albertovargas7898145", aes_encrypt("7898145","key123"), 1, 1);

insert into cliente values
(null, "Edson", null, "Lido", "Espinoza", "12345678", 1, "1997-01-10", 1, "espinoza12345678", aes_encrypt("12345678","key123"), 1);

















insert into usuario(idRol,ciUsuario,primerNombre,segundoNombre,apellidoPaterno,apellidoMaterno,genero,usuario,contrasenia,activo)
values(1,'6354ds6','Juan','Carlos','Aruni','Vargas',1,'carlos','123',1),
      (1,'65fd6fa','Belen',null,' Fernadez','Cruz',2,'belen','123',1),

      (2,'98sd7f5','Edzio',null,'Auditore','trez',1,'edzio','123',1),
      (2,'356sdf6','Rocio',null,'Villanueva','Esperanza',2,'rocio','123',1),
      (2,'56546df','Alexia',null,'Gutierrez','Maldreu',2,'alexia','123',1),
      (2,'e54ds66','Marx',null,'Eapania','Hurtado',1,'marx','123',1),
      (2,'25df544','Aristoteles','marco','Escuelas','Franco',1,'','123',1),
      (2,'dsf5455','Macarena','Alejandra','Fuertes','Torrez',2,'alejandra','123',1),

      (2,'ds56855','Carla',null,'Gutierrez','Fuertes',2,'alexia','123',1),
      (2,'68fg5s6','Francesca',null,'Bolivia','contreras',2,'alexia','123',1),
      (2,'13sdf59','Daniela',null,'Pari','colque',2,'alexia','123',1),
      (2,'65fds65','Jerusalem',null,'dell','Malview',2,'alexia','123',1),

      (3,'325dsf6','Jonny',null,'deep','spencer',1,'jonny','123',1),
      (3,'8fs54df','Paul',null,'Walker','goodyear',1,'paul','123',1),
      (3,'65fds4d','Alexa',null,'mendez','Dias',2,'alexa','123',1),
      (3,'qww66d5','Cortana','luisa','Dias','dante',2,'cortana','123',1),
      (3,'a6d4f66','Cintia','Edith','Mendoza','Yevara',2,'cintia','123',1),
      (3,'96sd45d','Miguel',null,'Banderas','feel',1,'miguel','123',1),
      (3,'ef56sdf','Eduardo','Sebastian','Corona','midiel',1,'eduardo','123',1),
      (3,'s5df88s','Eminem',null,'radtri','quispe',1,'eminem','123',1),
      (3,'465sd88','Freddy',null,'Baldivieso','mamani',1,'freddy','123',1),
      (3,'dsf456s','Daniel',null,'Rojas','Chalco',1,'daniel','123',1),
      (3,'46sd58d','Danny',null,'freeman','feel',1,'danny','123',1),
      (3,'554fs6a','Marcus',null,'Wallker','circus',1,'marcus','123',1);

insert into departamento(departamento,transporte)
values('Beni',100),
      ('Santa Cruz',70),
      ('La Paz',50),
      ('Oruro',30),
      ('Tarija',80),
      ('Sucre',50),
      ('Pando',120),
      ('Potosi',80),
      ('Cochabamba',0);

insert into pedido(idDepartamento,pedidoRapido,totalProductosPedidos,fechaHoraPedido)
values(1,1,9,'2020-01-01 23:59:59'),
      (1,1,3,'2020-01-15 23:59:59'),
      (1,2,2,'2020-01-10 23:59:59'),
      (1,2,5,'2020-01-12 23:59:59'),
      (1,2,8,'2020-01-24 23:59:59'),
      (1,2,5,'2020-01-22 23:59:59'),
      (1,2,5,'2020-01-28 23:59:59'),
      (1,2,1,'2020-01-03 23:59:59'),
      (1,2,5,'2020-01-04 23:59:59'),
      (1,1,3,'2020-01-14 23:59:59'),
      (1,1,3,'2020-01-15 23:59:59'),

      (2,1,5,'2020-01-08 23:59:59'),
      (2,1,5,'2020-01-06 23:59:59'),
      (2,2,9,'2020-01-01 23:59:59'),
      (2,2,1,'2020-01-14 23:59:59'),
      (2,2,9,'2020-01-26 23:59:59'),
      (2,2,3,'2020-01-24 23:59:59'),
      (2,2,3,'2020-01-22 23:59:59'),

      (3,2,5,'2020-01-24 23:59:59'),
      (3,2,5,'2020-01-15 23:59:59'),
      (3,2,9,'2020-01-10 23:59:59'),
      (3,2,8,'2020-01-11 23:59:59'),
      (3,2,10,'2020-01-12 23:59:59'),

      (4,1,4,'2020-02-19 23:59:59'),
      (4,1,5,'2020-02-22 23:59:59'),
      (4,2,4,'2020-02-24 23:59:59'),

      (5,1,9,'2020-02-20 23:59:59'),
      (5,2,6,'2020-02-28 23:59:59'),
      (5,2,5,'2020-02-25 23:59:59'),
      (5,1,9,'2020-02-29 23:59:59'),
      (5,2,5,'2020-02-15 23:59:59'),
      (5,1,9,'2020-02-09 23:59:59'),
      (5,2,7,'2020-02-01 23:59:59'),
      (5,1,7,'2020-02-02 23:59:59'),

      (6,1,9,'2020-02-08 23:59:59'),
      (6,2,9,'2020-02-09 23:59:59'),
      (6,1,6,'2020-02-04 23:59:59'),
      (6,2,3,'2020-02-11 23:59:59'),
      (6,1,1,'2020-02-13 23:59:59'),

      (7,1,5,'2020-02-18 23:59:59'),
      (7,2,6,'2020-02-19 23:59:59'),
      (7,2,6,'2020-02-14 23:59:59'),
      (7,2,4,'2020-02-12 23:59:59'),
      (7,1,1,'2020-02-14 23:59:59'),
      (7,1,2,'2020-03-12 23:59:59'),
      (7,2,3,'2020-03-21 23:59:59'),
      (7,1,4,'2020-03-26 23:59:59'),
      (7,1,5,'2020-03-24 23:59:59'),
      (7,2,6,'2020-03-18 23:59:59'),
      (7,1,7,'2020-03-19 23:59:59'),
      (7,1,8,'2020-03-20 23:59:59'),

      (8,1,10,'2020-03-01 23:59:59'),
      (8,2,11,'2020-03-01 23:59:59'),
      (8,2,9,'2020-03-02 23:59:59'),
      (8,2,8,'2020-03-02 23:59:59'),
      (8,1,3,'2020-03-03 23:59:59'),
      (8,2,9,'2020-03-02 23:59:59'),
      (8,1,9,'2020-02-15 23:59:59'),
      (8,1,1,'2020-02-01 23:59:59'),

      (9,2,23,'2020-03-01 23:59:59'),
      (9,2,5,'2020-03-01 23:59:59'),
      (9,2,1,'2020-03-02 23:59:59'),
      (9,2,4,'2020-02-15 23:59:59'),
      (9,1,5,'2020-02-28 23:59:59'),
      (9,1,65,'2020-02-14 23:59:59'),
      (9,1,9,'2020-01-24 23:59:59'),
      (9,1,9,'2020-01-30 23:59:59'),
      (9,1,5,'2020-01-12 23:59:59'),
      (9,1,4,'2020-03-01 23:59:59'),
      (9,2,3,'2020-02-14 23:59:59'),
      (9,2,2,'2020-02-22 23:59:59'),
      (9,2,1,'2020-02-15 23:59:59'),
      (9,1,10,'2020-03-02 23:59:59'),
      (9,1,2,'2020-03-03 23:59:59');



INSERT INTO cliente (ciCliente,primerNombre,apellidoPaterno,ApellidoMaterno,genero,fechaNacimiento,usuario,contrasenia,codigoPago,idDepartamento,activo)
values('123asd','Maria','Hurtado','Villena',2,'1996-04-22','Maria','Maria','101a',1,1),
('456qwe','Eleonor','Fernadez','Chalco',2,'1998-09-15','Eleonor','Eleonor','102a',1,1),
('789zxc','Magdalena','Gonzalez','Parraga',2 ,'1991-01-02','Magdalena','Magdalena','103a',1,1),
('741rty','Aziel','Coimbra','Mita',2,'1998-02-16','Aziel','Aziel','104a',2,1),
('852fgh','Carla','Mendez','Cuesta',2 ,'1999-12-25','Carla','Carla','105a',2,1),
('963vbn','Sarah','Contada','Espania',2 ,'2000-06-15','Sarah','Sarah','106a',2,1),
('147qaz','Ariel','Vargas','Calvimontes',1 ,'1998-04-15','Ariel','Ariel','107a',3,1),
('852wsx','Kevin','Rodriguez','Chalco',1,'1996-04-22','Kevin','Kevin','108a',3,1),
('963edc','Juan','Mendoza','Montero',1 ,'1998-07-17','Juan','Juan','109a',4,1),
('qsc753','Rodrigo','Cordoba','Luz',1 ,'1995-06-30','Rodrigo','Rodrigo','110a',4,1),
('741gtb','Sebastian','Perez','Marca',1 ,'1985-06-30','Sebastian','Sebastian','111a',5,1),
('65g4ds','Ricardo','Milos','Diaz',1 ,'1985-01-14','Ricardo','Ricardo','112a',6,1),
('19gsa5','Neal','Smith','Dias',1 ,'1995-06-30','Neal','Neal','113a',6,1),
('qbv6f5','neisth','Reynolds','queen',1 ,'1995-06-30','neisth','neisth','114a',7,1),
('dtr6vb','Marco','Costa','Balderrama',1 ,'1995-06-30','Marco','Marco','115a',7,1),
('635ds8','Rod','Corprire','Duel',1 ,'1995-06-30','Rod','Rod','116a',8,1),
('q54fgd','Luffy','Maldonado','prime',1 ,'1995-06-30','Luffy','Luffy','117a',8,1),
('q54dff','Zoro','Prive','karot',1 ,'1995-06-30','Zoro','Zoro','118a',9,1),
('dsf5g9','Zeke','Tabot','Dias',1 ,'1995-06-30','Zeke','Zeke','119a',9,1),
('esz951','Alexander','Vargas','Cruz',1,'1991-02-29','Alexander','Alexander','120a',9,1),
('20797690','Beau','Clemons','Mcneil',1,'1991-07-15 13:59:21','Beau','Beau','120fa',1,1),
('7019266','Alma','Mcmillan','Reilly',2,'2004-04-10 13:14:11','Alma','Alma','120fa',1,1),
('29777016','Clarke','Munoz','Woodard',1,'1992-06-08 00:43:09','Clarke','Clarke','120fa',1,1),
('45820752','Noble','Mcdowell','Hughes',1,'2000-03-16 22:11:56','Noble','Noble','120fa',1,1),
('15302973','Levi','Thompson','Knight',1,'1992-08-03 11:10:20','Levi','Levi','120fa',1,1),
('27691979','Wade','Valencia','Wynn',1,'2004-06-22 14:16:01','Wade','Wade','120fa',4,1),
('11610818','Zephania','Mckinney','Berg',2,'1998-11-19 17:36:19','Zephania','Zephania','120fa',4,1),
('13851702','Katell','Carey','Cochran',1,'1990-09-14 03:14:44','Katell','Katell','120fa',4,1),
('20832525','Ryan','Blevins','Simpson',1,'1994-07-15 01:46:55','Ryan','Ryan','120fa',4,1),
('27994137','Cassidy','Justice','Michael',2,'2001-08-05 00:43:30','Cassidy','Cassidy','120fa',4,1),
('43947391','Brennan','Savage','Bailey',1,'1992-08-20 16:25:57','Brennan','Brennan','120fa',2,1),
('49341189','Orli','Weiss','Burris',2,'1992-05-07 03:35:29','Orli','Orli','120fa',2,1),
('45297738','Carl','Mills','Orr',1,'1999-02-28 09:37:46','Carl','Carl','120fa',2,1),
('10006193','Gage','Henson','Bridges',1,'1995-04-05 23:59:33','Gage','Gage','120fa',2,1),
('28503005','Aiko','Dejesus','Cote',2,'2001-12-27 04:23:14','Aiko','Aiko','120fa',2,1),
('8733032','Brian','Little','Silva',1,'2002-12-08 15:54:10','Brian','Brian','120fa',5,1),
('33421805','Quinn','Powell','David',2,'1993-05-07 00:28:32','Quinn','Quinn','120fa',5,1),
('34447450','Victoria','Michael','Parks',2,'1996-10-12 10:50:20','Victoria','Victoria','120fa',5,1),
('28299710','Amir','Hunter','Byers',1,'1998-08-08 21:55:15','Amir','Amir','120fa',5,1),
('22634877','Frances','Finch','Pearson',1,'2002-07-31 09:38:25','Frances','Frances','120fa',8,1),
('46033792','Keith','Kirk','Pope',1,'2005-04-07 02:03:44','Keith','Keith','120fa',8,1),
('36285770','Eugenia','Hatfield','Salazar',2,'1995-06-13 07:18:10','Eugenia','Eugenia','120fa',8,1),
('21231097','Kane','Cotton','Whitaker',1,'2004-09-22 15:29:23','Kane','Kane','120fa',8,1),
('43814107','Walker','Robbins','Peters',1,'1996-04-04 08:17:00','Walker','Walker','120fa',8,1),
('19186004','Raven','Santiago','Miles',2,'1997-12-21 15:13:05','Raven','Raven','120fa',6,1),
('17616725','Levi','Spears','Kelly',1,'2005-06-21 04:56:36','Levii','Levii','120fa',6,1),
('23812126','Josephine','Willis','Zimmerman',2,'1999-06-12 03:28:29','Josephine','Josephine','120fa',6,1),
('50765781','Colorado','Hubbard','Rodriguez',1,'1992-03-09 21:35:23','Colorado','Colorado','120fa',6,1),
('14248615','Kirsten','Kennedy','Herrera',2,'1998-07-03 15:58:39','Kirsten','Kirsten','120fa',6,1),
('5566791','Carl','Riddle','Cannon',1,'2004-10-18 08:27:11','Carls','Carls','120fa',6,1);




insert into proceso(fecha,estadoPedido,idCliente,idUsuario,idPedido)
values('2020-01-22 ',1,1,1,1),
('2020-02-29 ',2,1,2,1),
('2020-01-11 ',3,1,3,1),
('2020-01-04 ',1,2,4,2),
('2020-01-25 ',2,2,5,2),
('2020-01-08 ',3,2,6,2),
('2020-02-12 ',1,3,7,3),
('2020-02-24 ',2,3,8,3),
('2020-01-31 ',3,3,9,3),
('2020-03-03 ',1,4,10,4),
('2020-03-04 ',2,4,11,4),
('2020-02-21 ',3,4,12,4),
('2020-03-02 ',1,5,1,5),
('2020-01-22 ',2,5,2,5),
('2020-01-06 ',3,5,3,5),
('2020-01-08 ',1,6,4,6),
('2020-03-03 ',2,6,5,6),
('2020-02-24 ',3,6,6,6),
('2020-02-29 ',1,7,12,7),
('2020-01-15 ',2,7,13,7),
('2020-02-05 ',3,7,14,7),
('2020-01-08 ',1,8,15,8),
('2020-02-05 ',2,8,16,8),
('2020-02-26 ',3,8,3,8),
('2020-02-14 ',1,9,4,9),
('2020-01-11 ',2,9,1,9),
('2020-01-18 ',3,9,15,9),
('2020-02-10 ',1,10,12,10),
('2020-03-01 ',2,10,20,10),
('2020-01-12 ',3,10,18,10),
('2020-01-25 ',1,11,17,11),
('2020-02-19 ',2,11,22,11),
('2020-01-08 ',3,11,1,11),
('2020-01-18 ',1,12,2,12),
('2020-01-07 ',2,12,3,12),
('2020-02-09 ',3,12,4,12),
('2020-01-18 ',1,12,5,13),
('2020-01-16 ',2,13,6,13),
('2020-02-28 ',3,13,10,13),
('2020-01-17 ',1,14,15,14);

INSERT into categoria values(1,"informatica","buena",1),
                            (2,"moda","buena",1),
                            (3,"juegos","buena",1),
                            (4,"celulares","buena",1),
                            (5,"negocios","buena",1),
                            (6,"imagen y sonido","buena",1),
                            (7,"deporte","buena",1);

 INSERT into subcategoria VALUES(1,1,"laptos","buena",1),
                                (2,1,"monitor","buena",1),
                                (3,1,"impresoras","buena",1),
                                (4,1,"discos","buena",1),
                                (5,1,"placas","buena",1),

                                (6,2,"abrigos","buena",1),
                                (7,2,"poleras","buena",1),
                                (8,2,"pantalones","buena",1),
                                (9,2,"faldas","buena",1),
                                (10,2,"vestidos","buena",1),

                                (11,3,"wii","buena",1),
                                (12,3,"psp","buena",1),
                                (13,3,"playstation","buena",1),
                                (14,3,"xbox","buena",1),
                                (15,3,"nintendo","buena",1),

                                (16,4,"iphone","buena",1),
                                (17,4,"sony","buena",1),
                                (18,4,"lg","buena",1),
                                (19,4,"nokia","buena",1),
                                (20,4,"motorola","buena",1),

                                (21,5,"acciones","buena",1),
                                (22,5,"compra y venta","buena",1),
                                (23,5,"mobiliario","buena",1),
                                (24,5,"importadora","buena",1),
                                (25,5,"prestamos","buena",1),

                                (26,6,"televisor","buena",1),
                                (27,6,"camaras","buena",1),
                                (28,6,"proyector","buena",1),
                                (29,6,"parlantes","buena",1),
                                (30,6,"antenas","buena",1),

                                (31,7,"boxeo","buena",1),
                                (32,7,"esqui","buena",1),
                                (33,7,"fulbol","buena",1),
                                (34,7,"golf","buena",1),
                                (35,7,"tenis","buena",1);


INSERT into detalleproducto   values(1,"pantalla","15 pulgadas corei7","hp",23,1),
                                    (2,"disco de memoria","capacidad de 1024 mb ","thoshiba",23,1),
                                    (3,"monitor","22 pulgadas","lg",23,1),
                                    (4,"impresora","con escaner fotocopiadora","epson",23,1),
                                    (5,"targeta grafica","titaniun","gtx 980",23,1),
                                    (6,"placa base","dual core","asrock",23,1),
                                    (7,"abrigo","largos","cat",23,1),
                                    (8,"canguro","ropa americana","gold",23,1),
                                    (9,"chaqueta","par ocasiones especiales","rodero",23,1),
                                    (10,"camisa","lenadora","rodero",23,1),
                                    (11,"polera","ocacionales","berska",23,1),
                                    (12,"pantalones","licrados","gold",23,1),
                                    (13,"ternos","diseño corto","blazer",23,1),
                                    (14,"faldas","cortas","gold",23,1),
                                    (15,"playstation","disponible con dos mandos","sony",23,1);

INSERT INTO color VALUES(1,"azul",1),
                        (2,"rojo",1),
                        (3,"verde",1),
                        (4,"plomo",1),
                        (5,"guindo",1),
                        (6,"negro",1),
                        (7,"azul combinado",1),
                        (8,"verde",1),
                        (9,"amarillo",1),
                        (10,"cafe",1),
                        (11,"guindo",1),
                        (12,"gris",1),
                        (13,"fucsia",1),
                        (14,"turquesa",1),
                        (15,"cobre",1),
                        (16,"marron",1),
                        (17,"lima",1);

INSERT into colordetalle  VALUES(1,1),
                                (2,5),
                                (3,8),
                                (4,9),
                                (5,3),
                                (6,2),
                                (7,5),
                                (8,9),
                                (9,10),
                                (10,11),
                                (11,12),
                                (12,13),
                                (13,14),
                                (14,15),
                                (15,10),
                                (16,4),
                                (17,7),
                                (4,4);

insert into tamanio   VALUES(1,"xl",1,7),
                            (2,"m",1,8),
                            (3,"xl",1,9),
                            (4,"s",1,10),
                            (5,"g",1,11),
                            (6,"xl",1,12),
                            (7,"m",1,13),
                            (8,"15 pulgadas",1,1),
                            (9,"1024 mb",1,2),
                            (10,"22 pulgadas",1,3),
                            (11,"30 x 15",1,4),
                            (12,"980",1,5),
                            (13,"sm",1,6),
                            (14,"10 x 10",1,15),
                            (15,"42",1,14),
                            (16,"xl",1,11);

INSERT into imagen    VALUES(1,"imagen1",1,1,1),
                            (2,"imagen2",1,1,2),
                            (3,"imagen3",1,1,3),
                            (4,"imagen4",1,1,4),
                            (5,"imagen5",1,1,5),
                            (6,"imagen6",1,1,6),
                            (7,"imagen7",1,1,7),
                            (8,"imagen8",1,1,8),
                            (9,"imagen9",1,1,9),
                            (10,"imagen10",1,1,10),
                            (11,"imagen11",1,1,11),
                            (12,"imagen12",1,1,12),
                            (13,"imagen13",1,1,13),
                            (14,"imagen14",1,1,14),
                            (15,"imagen15",1,1,1),
                            (16,"imagen16",1,1,2),
                            (17,"imagen17",1,1,3),
                            (18,"imagen18",1,1,4),
                            (19,"imagen19",1,1,5),
                            (20,"imagen20",1,1,6);

insert into producto(idDetalleProducto,idSubcategoria)
values(1,27),
      (2,26),
      (2,25),
      (4,24),
      (5,23),
      (6,22),
      (7,21),
      (8,20),
      (9,19),
      (10,18),
      (11,17),
      (12,16),
      (13,15),
      (14,14),
      (15,13),
      (15,12),
      (14,11),
      (13,10),
      (12,9),
      (11,8),
      (10,7),
      (9,6),
      (8,5),
      (7,4),
      (6,3),
      (5,2),
      (15,28),
      (5,29),
      (8,30),
      (5,31),
      (4,32),
      (5,33),
      (4,1);

insert into precio (estadoPrecio,monto,fecha,idProducto)

values(1,450,'2020-01-22',1),
      (2,500,'2020-01-15',1),
      (2,700,'2020-01-05',1),

      (1,120,'2020-02-16',2),

      (1,259.5,'2020-02-24',3),
      (2,500,'2020-01-15',3),
      (2,700,'2020-01-06',3),

      (1,45,'2020-01-10',4),
      (2,60,'2020-01-01',4),

      (1,800,'2020-02-18',5),
      (2,1450,'2020-01-06',5),

      (1,345,'2020-02-10',6),

      (1,135,'2020-01-12',7),

      (1,56,'2020-01-28',8),

      (1,68,'2020-01-22',9),

      (1,29,'2020-02-22',10),

      (1,24,'2020-03-02',11),

      (1,32,'2020-01-14',12),

      (1,1200,'2020-01-16',13),

      (1,17,'2020-01-22',14),

      (1,250,'2020-02-24',15),
      (2,450,'2020-01-25',15);

insert into calificacion(idProducto,idCliente,estadoCalificacion,fechaCalificacion)
values(1,1,5,'2020-02-01'),
      (1,2,5,'2020-02-01'),
      (1,3,4,'2020-02-01'),
      (2,4,5,'2020-02-01'),
      (2,5,3,'2020-02-01'),
      (3,6,5,'2020-02-01'),
      (3,7,5,'2020-02-01'),
      (3,8,1,'2020-02-01'),
      (4,9,5,'2020-02-01'),
      (4,10,5,'2020-02-01'),
      (4,11,1,'2020-02-01'),
      (4,12,5,'2020-02-01'),
      (5,13,5,'2020-02-01'),
      (5,14,5,'2020-02-01'),
      (5,15,2,'2020-02-01'),
      (5,1,5,'2020-02-01'),
      (6,1,5,'2020-02-01'),
      (6,5,1,'2020-02-01'),
      (6,1,5,'2020-02-01'),
      (6,2,1,'2020-02-01'),
      (7,3,5,'2020-02-01'),
      (7,5,5,'2020-02-01'),
      (7,4,4,'2020-02-01'),
      (7,8,5,'2020-02-01'),
      (8,3,1,'2020-02-01'),
      (8,3,1,'2020-02-01'),
      (8,7,2,'2020-02-01'),
      (9,6,5,'2020-02-01'),
      (10,4,2,'2020-02-01');

 insert into comentario(idProducto,idCliente,comentarioDescrito)
 values(1,1,'El producto cumplio todas las necesidades'),
      (1,2,'muy util'),
      (1,3,'esta bien para uso escolar'),
      (2,4,'Esta marca siempre saca buenos productos'),
      (2,5,'no lo volveria a comprar de nuevo ,pero es util'),
      (3,6,'Muy buen producto'),
      (3,7,'se lo recomendare a mi familia y conocidos'),
      (3,8,'No es lo que propone el anuncio o caracteristicas'),
      (4,9,'Me encanto el producto incluso me compraria mas'),
      (4,10,'Me en can ta'),
      (4,11,'Pura basura'),
      (4,12,'Encontre lo que andaba buscando hace tiempo'),
      (5,13,'nunca paro de usarlo '),
      (5,14,'muy buen materia por su costo'),
      (5,15,'esperaba mas de este tipo de producto'),
      (5,1,'siempre hacen cosa geniales de moda'),
      (6,1,'combos son los mejores'),
      (6,5,'una porqueria de producto'),
      (6,1,'los tengo en todos los colores '),
      (6,2,'es mas preferible comprar en fisico los articulos porque fui estafado'),
      (7,3,'una gran experiencia'),
      (7,5,'merece la pena por el precio'),
      (7,4,'lo recomiendo'),
      (7,8,'quisiera llevarmelos todos'),
      (8,3,'este articulo ni el perro lo quiere'),
      (8,3,'lo bueno es que sirve para prender fuego'),
      (8,7,'se lo di a mi perro'),
      (9,6,'me gusto el articulo'),
      (10,4,'vino en mal estado y usado');      



insert into detallepedido(cantidadSolicitada,idProducto,idPedido)
values(15,1,1),
      (5,1,2),
      (20,2,3),
      (3,3,4),
      (100,4,5),
      (8,5,6),
      (1,6,7),
      (30,7,8),
      (40,8,9),
      (50,9,10),
      (45,10,11),
      (22,11,12),
      (16,12,13),
      (24,13,14),
      (68,14,15),
      (200,15,16),
      (7,14,17),
      (16,12,18),
      (12,1,19),
      (1,2,20),
      (2,8,21),
      (3,9,22),
      (4,7,23),
      (5,8,24),
      (6,9,25),
      (7,10,26),
      (8,11,27);

